School,Trilogy,Date,Course,Location,Verified,Overall Exp.,Curriculum,Instructors,Job Assistance,Comments,Word Count,Life-Change
RUTGERS
TRILOGY




RUTGERS
TRILOGY




RUTGERS
TRILOGY




RUTGERS
TRILOGY




RUTGERS
TRILOGY




RUTGERS
TRILOGY




RUTGERS
TRILOGY




RUTGERS
TRILOGY




RUTGERS
TRILOGY




RUTGERS
TRILOGY




RUTGERS
TRILOGY




RUTGERS
TRILOGY




RUTGERS
TRILOGY




RUTGERS
TRILOGY




RUTGERS
TRILOGY




RUTGERS
TRILOGY




RUTGERS
TRILOGY




RUTGERS
TRILOGY




RUTGERS
TRILOGY




RUTGERS
TRILOGY




RUTGERS
TRILOGY




RUTGERS
TRILOGY




RUTGERS
TRILOGY




RUTGERS
TRILOGY




RUTGERS
TRILOGY




RUTGERS
TRILOGY




RUTGERS
TRILOGY




RUTGERS
TRILOGY




RUTGERS
TRILOGY




RUTGERS
TRILOGY




RUTGERS
TRILOGY




RUTGERS
TRILOGY




RUTGERS
TRILOGY




RUTGERS
TRILOGY




RUTGERS
TRILOGY




RUTGERS
TRILOGY




RUTGERS
TRILOGY




RUTGERS
TRILOGY




RUTGERS
TRILOGY




RUTGERS
TRILOGY




RUTGERS
TRILOGY




RUTGERS
TRILOGY




RUTGERS
TRILOGY




RUTGERS
TRILOGY




RUTGERS
TRILOGY




RUTGERS
TRILOGY




RUTGERS
TRILOGY




RUTGERS
TRILOGY




RUTGERS
TRILOGY




RUTGERS
TRILOGY




RUTGERS
TRILOGY




RUTGERS
TRILOGY




RUTGERS
TRILOGY




RUTGERS
TRILOGY




RUTGERS
TRILOGY




RUTGERS
TRILOGY




RUTGERS
TRILOGY




RUTGERS
TRILOGY




RUTGERS
TRILOGY




RUTGERS
TRILOGY




RUTGERS
TRILOGY




RUTGERS
TRILOGY




RUTGERS
TRILOGY




RUTGERS
TRILOGY




RUTGERS
TRILOGY




RUTGERS
TRILOGY




RUTGERS
TRILOGY




RUTGERS
TRILOGY




RUTGERS
TRILOGY




RUTGERS
TRILOGY




RUTGERS
TRILOGY




RUTGERS
TRILOGY




RUTGERS
TRILOGY




RUTGERS
TRILOGY




RUTGERS
TRILOGY




RUTGERS
TRILOGY




RUTGERS
TRILOGY




RUTGERS
TRILOGY




RUTGERS
TRILOGY




RUTGERS
TRILOGY




RUTGERS
TRILOGY




RUTGERS
TRILOGY




RUTGERS
TRILOGY




RUTGERS
TRILOGY




RUTGERS
TRILOGY




RUTGERS
TRILOGY




RUTGERS
TRILOGY




RUTGERS
TRILOGY




RUTGERS
TRILOGY




RUTGERS
TRILOGY




RUTGERS
TRILOGY




RUTGERS
TRILOGY




RUTGERS
TRILOGY




RUTGERS
TRILOGY




RUTGERS
TRILOGY




RUTGERS
TRILOGY




RUTGERS
TRILOGY




RUTGERS
TRILOGY




RUTGERS
TRILOGY




